"rank","headline","headline href","headline 2","brand-img src","aff-btn href","aff-btn href 2","aff-btn href 3","brand_info","point"
"1位","（じゅうよんだい）","https://www.saketime.jp/brands/241/","十四代","https://www.saketime.jp/img/brand/review/241/thum_5c6a1ea11561fa9ddd09ca6f41980956.jpg","https://www.amazon.co.jp/s?i=food-beverage&rh=n%3A71610051&_encoding=UTF8&tag=saketime-22&linkCode=ur2&dc&k=%E5%8D%81%E5%9B%9B%E4%BB%A3+%E6%97%A5%E6%9C%AC%E9%85%92","https://hb.afl.rakuten.co.jp/hgc/33b13d19.35160926.33b13d1b.795c9924/?link_type=hybrid_url&ut=eyJwYWdlIjoidXJsIiwidHlwZSI6Imh5YnJpZF91cmwiLCJjb2wiOjF9&pc=https%3A%2F%2Fsearch.rakuten.co.jp%2Fsearch%2Fmall%2F%E5%8D%81%E5%9B%9B%E4%BB%A3%2F100337%2F%3Fnitem%3D%E7%8D%BA%E7%A5%AD+%E3%82%88%E3%82%8A%E6%97%A8%E3%81%84+%E3%81%82%E3%81%AE%E5%8D%81%E5%9B%9B%E4%BB%A3+%E5%8D%81%E5%9B%9B%E4%BB%A3%E3%81%AE+%E5%8D%81%E5%9B%9B%E4%BB%A3%E3%81%A8+%E6%9C%9D%E6%97%A5%E9%B7%B9+%E3%80%8C%E5%8D%81%E5%9B%9B%E4%BB%A3%E3%80%8D+%E3%82%B0%E3%83%AC%E3%83%BC%E3%82%B9%E3%83%95%E3%83%AB+%E8%8A%B1%E9%82%91+%E5%85%AB%E6%B5%B7%E5%B1%B1","https://ck.jp.ap.valuecommerce.com/servlet/referral?sid=3286639&pid=885409294&vc_url=https%3A%2F%2Fshopping.yahoo.co.jp%2Fsearch%3Ffirst%3D1%26tab_ex%3Dcommerce%26fr%3Dshp-prop%26mcr%3Dd2ec28baa8330e143e61f8efad452d70%26ts%3D1682307004%26sretry%3D1%26sc_i%3Dshp_pc_top_searchBox%26cid%3D1359%26area%3D13%26p%3D%E5%8D%81%E5%9B%9B%E4%BB%A3+-%E7%8D%BA%E7%A5%AD+-%E3%82%88%E3%82%8A%E6%97%A8%E3%81%84+-%E3%81%82%E3%81%AE%E5%8D%81%E5%9B%9B%E4%BB%A3+-%E5%8D%81%E5%9B%9B%E4%BB%A3%E3%81%AE+-%E5%8D%81%E5%9B%9B%E4%BB%A3%E3%81%A8+-%E6%9C%9D%E6%97%A5%E9%B7%B9+-%E3%80%8C%E5%8D%81%E5%9B%9B%E4%BB%A3%E3%80%8D+-%E3%82%B0%E3%83%AC%E3%83%BC%E3%82%B9%E3%83%95%E3%83%AB+-%E8%8A%B1%E9%82%91+-%E5%85%AB%E6%B5%B7%E5%B1%B1","山形 | 高木酒造","4.63点"
"2位","（ひのとり）","https://www.saketime.jp/brands/3408/","陽乃鳥","https://www.saketime.jp/img/brand/review/3408/thum_909ca3cf1ce06cfca85866111406753a.jpg","https://www.amazon.co.jp/s?i=food-beverage&rh=n%3A71610051&_encoding=UTF8&tag=saketime-22&linkCode=ur2&dc&k=%E9%99%BD%E4%B9%83%E9%B3%A5+%E6%97%A5%E6%9C%AC%E9%85%92","https://hb.afl.rakuten.co.jp/hgc/33b13d19.35160926.33b13d1b.795c9924/?link_type=hybrid_url&ut=eyJwYWdlIjoidXJsIiwidHlwZSI6Imh5YnJpZF91cmwiLCJjb2wiOjF9&pc=https%3A%2F%2Fsearch.rakuten.co.jp%2Fsearch%2Fmall%2F%E9%99%BD%E4%B9%83%E9%B3%A5%2F100337%2F%3Fnitem%3D%E4%BA%9C%E9%BA%BB%E7%8C%AB+%E4%BB%99%E7%A6%BD+%E9%87%91%E9%9B%80+%E9%8D%8B%E5%B3%B6","https://ck.jp.ap.valuecommerce.com/servlet/referral?sid=3286639&pid=885409294&vc_url=https%3A%2F%2Fshopping.yahoo.co.jp%2Fsearch%3Ffirst%3D1%26tab_ex%3Dcommerce%26fr%3Dshp-prop%26mcr%3Dd2ec28baa8330e143e61f8efad452d70%26ts%3D1682307004%26sretry%3D1%26sc_i%3Dshp_pc_top_searchBox%26cid%3D1359%26area%3D13%26p%3D%E9%99%BD%E4%B9%83%E9%B3%A5+-%E4%BA%9C%E9%BA%BB%E7%8C%AB+-%E4%BB%99%E7%A6%BD+-%E9%87%91%E9%9B%80+-%E9%8D%8B%E5%B3%B6","秋田 | 新政酒造","4.54点"
"3位","（しんしゅうきれい）","https://www.saketime.jp/brands/4854/","信州亀齢","https://www.saketime.jp/img/brand/review/4854/thum_2742972d006d30998f6a85935d91e3a7.jpg","https://www.amazon.co.jp/s?i=food-beverage&rh=n%3A71610051&_encoding=UTF8&tag=saketime-22&linkCode=ur2&dc&k=%E4%BF%A1%E5%B7%9E%E4%BA%80%E9%BD%A2+%E6%97%A5%E6%9C%AC%E9%85%92","https://hb.afl.rakuten.co.jp/hgc/33b13d19.35160926.33b13d1b.795c9924/?link_type=hybrid_url&ut=eyJwYWdlIjoidXJsIiwidHlwZSI6Imh5YnJpZF91cmwiLCJjb2wiOjF9&pc=https%3A%2F%2Fsearch.rakuten.co.jp%2Fsearch%2Fmall%2F%E4%BF%A1%E5%B7%9E%E4%BA%80%E9%BD%A2%2F100337%2F%3Fnitem%3D%E8%80%8C%E4%BB%8A+%E5%8D%81%E5%9B%9B%E4%BB%A3+%E6%96%B0%E6%94%BF+%E5%B0%84%E7%BE%8E+%E8%B5%A4%E6%AD%A6+%E3%81%8F%E3%81%A9%E3%81%8D%E4%B8%8A%E6%89%8B+%E4%BB%99%E7%A6%BD","https://ck.jp.ap.valuecommerce.com/servlet/referral?sid=3286639&pid=885409294&vc_url=https%3A%2F%2Fshopping.yahoo.co.jp%2Fsearch%3Ffirst%3D1%26tab_ex%3Dcommerce%26fr%3Dshp-prop%26mcr%3Dd2ec28baa8330e143e61f8efad452d70%26ts%3D1682307004%26sretry%3D1%26sc_i%3Dshp_pc_top_searchBox%26cid%3D1359%26area%3D13%26p%3D%E4%BF%A1%E5%B7%9E%E4%BA%80%E9%BD%A2+-%E8%80%8C%E4%BB%8A+-%E5%8D%81%E5%9B%9B%E4%BB%A3+-%E6%96%B0%E6%94%BF+-%E5%B0%84%E7%BE%8E+-%E8%B5%A4%E6%AD%A6+-%E3%81%8F%E3%81%A9%E3%81%8D%E4%B8%8A%E6%89%8B+-%E4%BB%99%E7%A6%BD","長野 | 岡崎酒造","4.50点"
"4位","（じこん）","https://www.saketime.jp/brands/2078/","而今","https://www.saketime.jp/img/brand/review/2078/thum_370aa57d6ba0003c8d3ad4d3acba8660.jpg","https://www.amazon.co.jp/s?i=food-beverage&rh=n%3A71610051&_encoding=UTF8&tag=saketime-22&linkCode=ur2&dc&k=%E8%80%8C%E4%BB%8A+%E6%97%A5%E6%9C%AC%E9%85%92","https://hb.afl.rakuten.co.jp/hgc/33b13d19.35160926.33b13d1b.795c9924/?link_type=hybrid_url&ut=eyJwYWdlIjoidXJsIiwidHlwZSI6Imh5YnJpZF91cmwiLCJjb2wiOjF9&pc=https%3A%2F%2Fsearch.rakuten.co.jp%2Fsearch%2Fmall%2F%E8%80%8C%E4%BB%8A%2F100337%2F%3Fnitem%3D%E9%AB%98%E7%A0%82+%E7%8D%BA%E7%A5%AD+%E9%9B%AA%E9%B6%B4","https://ck.jp.ap.valuecommerce.com/servlet/referral?sid=3286639&pid=885409294&vc_url=https%3A%2F%2Fshopping.yahoo.co.jp%2Fsearch%3Ffirst%3D1%26tab_ex%3Dcommerce%26fr%3Dshp-prop%26mcr%3Dd2ec28baa8330e143e61f8efad452d70%26ts%3D1682307004%26sretry%3D1%26sc_i%3Dshp_pc_top_searchBox%26cid%3D1359%26area%3D13%26p%3D%E8%80%8C%E4%BB%8A+-%E9%AB%98%E7%A0%82+-%E7%8D%BA%E7%A5%AD+-%E9%9B%AA%E9%B6%B4","三重 | 木屋正酒造","4.46点"
"4位","（ナンバーシックス）","https://www.saketime.jp/brands/3409/","No.6","https://www.saketime.jp/img/brand/review/3409/thum_0d8f707d93cfcb64d7651b1ff0bdf9d3.jpg","https://www.amazon.co.jp/s?i=food-beverage&rh=n%3A71610051&_encoding=UTF8&tag=saketime-22&linkCode=ur2&dc&k=No.6+%E6%97%A5%E6%9C%AC%E9%85%92","https://hb.afl.rakuten.co.jp/hgc/33b13d19.35160926.33b13d1b.795c9924/?link_type=hybrid_url&ut=eyJwYWdlIjoidXJsIiwidHlwZSI6Imh5YnJpZF91cmwiLCJjb2wiOjF9&pc=https%3A%2F%2Fsearch.rakuten.co.jp%2Fsearch%2Fmall%2FNo.6%2F100337%2F%3Fnitem%3DCACCCI+%E5%85%A5%E6%89%8B%E5%9B%B0%E9%9B%A3+%E5%9C%9F%E7%94%B0+%E5%8D%81%E5%9B%9B%E4%BB%A3","https://ck.jp.ap.valuecommerce.com/servlet/referral?sid=3286639&pid=885409294&vc_url=https%3A%2F%2Fshopping.yahoo.co.jp%2Fsearch%3Ffirst%3D1%26tab_ex%3Dcommerce%26fr%3Dshp-prop%26mcr%3Dd2ec28baa8330e143e61f8efad452d70%26ts%3D1682307004%26sretry%3D1%26sc_i%3Dshp_pc_top_searchBox%26cid%3D1359%26area%3D13%26p%3DNo.6+-CACCCI+-%E5%85%A5%E6%89%8B%E5%9B%B0%E9%9B%A3+-%E5%9C%9F%E7%94%B0+-%E5%8D%81%E5%9B%9B%E4%BB%A3","秋田 | 新政酒造","4.46点"
"6位","（でんしょうぎく）","https://www.saketime.jp/brands/7286/","電照菊","https://www.saketime.jp/img/brand/review/7286/thum_5af333d889ee26bb3618898b3358b108.jpg","https://www.amazon.co.jp/s?i=food-beverage&rh=n%3A71610051&_encoding=UTF8&tag=saketime-22&linkCode=ur2&dc&k=%E9%9B%BB%E7%85%A7%E8%8F%8A+%E6%97%A5%E6%9C%AC%E9%85%92","https://hb.afl.rakuten.co.jp/hgc/33b13d19.35160926.33b13d1b.795c9924/?link_type=hybrid_url&ut=eyJwYWdlIjoidXJsIiwidHlwZSI6Imh5YnJpZF91cmwiLCJjb2wiOjF9&pc=https%3A%2F%2Fsearch.rakuten.co.jp%2Fsearch%2Fmall%2F%E9%9B%BB%E7%85%A7%E8%8F%8A%2F100337%2F","https://ck.jp.ap.valuecommerce.com/servlet/referral?sid=3286639&pid=885409294&vc_url=https%3A%2F%2Fshopping.yahoo.co.jp%2Fsearch%3Ffirst%3D1%26tab_ex%3Dcommerce%26fr%3Dshp-prop%26mcr%3Dd2ec28baa8330e143e61f8efad452d70%26ts%3D1682307004%26sretry%3D1%26sc_i%3Dshp_pc_top_searchBox%26cid%3D1359%26area%3D13%26p%3D%E9%9B%BB%E7%85%A7%E8%8F%8A","千葉 | 寒菊銘醸","4.45点"
"6位","（きんすずめ）","https://www.saketime.jp/brands/1828/","金雀","https://www.saketime.jp/img/brand/review/1828/thum_93ac3ace05a4637d1270c178d796258c.jpg","https://www.amazon.co.jp/s?i=food-beverage&rh=n%3A71610051&_encoding=UTF8&tag=saketime-22&linkCode=ur2&dc&k=%E9%87%91%E9%9B%80+%E6%97%A5%E6%9C%AC%E9%85%92","https://hb.afl.rakuten.co.jp/hgc/33b13d19.35160926.33b13d1b.795c9924/?link_type=hybrid_url&ut=eyJwYWdlIjoidXJsIiwidHlwZSI6Imh5YnJpZF91cmwiLCJjb2wiOjF9&pc=https%3A%2F%2Fsearch.rakuten.co.jp%2Fsearch%2Fmall%2F%E9%87%91%E9%9B%80%2F100337%2F%3Fnitem%3D%E5%8D%81%E5%9B%9B%E4%BB%A3","https://ck.jp.ap.valuecommerce.com/servlet/referral?sid=3286639&pid=885409294&vc_url=https%3A%2F%2Fshopping.yahoo.co.jp%2Fsearch%3Ffirst%3D1%26tab_ex%3Dcommerce%26fr%3Dshp-prop%26mcr%3Dd2ec28baa8330e143e61f8efad452d70%26ts%3D1682307004%26sretry%3D1%26sc_i%3Dshp_pc_top_searchBox%26cid%3D1359%26area%3D13%26p%3D%E9%87%91%E9%9B%80+-%E5%8D%81%E5%9B%9B%E4%BB%A3","山口 | 堀江酒場","4.45点"
"8位","（うぶすな）","https://www.saketime.jp/brands/6243/","産土","https://www.saketime.jp/img/brand/review/6243/thum_686b57c042df7f61e47439554505f6df.jpg","https://www.amazon.co.jp/s?i=food-beverage&rh=n%3A71610051&_encoding=UTF8&tag=saketime-22&linkCode=ur2&dc&k=%E7%94%A3%E5%9C%9F+%E6%97%A5%E6%9C%AC%E9%85%92","https://hb.afl.rakuten.co.jp/hgc/33b13d19.35160926.33b13d1b.795c9924/?link_type=hybrid_url&ut=eyJwYWdlIjoidXJsIiwidHlwZSI6Imh5YnJpZF91cmwiLCJjb2wiOjF9&pc=https%3A%2F%2Fsearch.rakuten.co.jp%2Fsearch%2Fmall%2F%E7%94%A3%E5%9C%9F%2F100337%2F%3Fnitem%3D%E6%96%B0%E6%94%BF+%E6%9D%BE%E3%81%AE%E5%8F%B8+%E9%95%B7%E9%87%8E+%E5%A5%88%E8%89%AF","https://ck.jp.ap.valuecommerce.com/servlet/referral?sid=3286639&pid=885409294&vc_url=https%3A%2F%2Fshopping.yahoo.co.jp%2Fsearch%3Ffirst%3D1%26tab_ex%3Dcommerce%26fr%3Dshp-prop%26mcr%3Dd2ec28baa8330e143e61f8efad452d70%26ts%3D1682307004%26sretry%3D1%26sc_i%3Dshp_pc_top_searchBox%26cid%3D1359%26area%3D13%26p%3D%E7%94%A3%E5%9C%9F+-%E6%96%B0%E6%94%BF+-%E6%9D%BE%E3%81%AE%E5%8F%B8+-%E9%95%B7%E9%87%8E+-%E5%A5%88%E8%89%AF","熊本 | 花の香酒造","4.42点"
"9位","（みやかんばい）","https://www.saketime.jp/brands/175/","宮寒梅","https://www.saketime.jp/img/brand/review/175/thum_5aa3c74e540ed4ea1023403f4a0084c1.jpg","https://www.amazon.co.jp/s?i=food-beverage&rh=n%3A71610051&_encoding=UTF8&tag=saketime-22&linkCode=ur2&dc&k=%E5%AE%AE%E5%AF%92%E6%A2%85+%E6%97%A5%E6%9C%AC%E9%85%92","https://hb.afl.rakuten.co.jp/hgc/33b13d19.35160926.33b13d1b.795c9924/?link_type=hybrid_url&ut=eyJwYWdlIjoidXJsIiwidHlwZSI6Imh5YnJpZF91cmwiLCJjb2wiOjF9&pc=https%3A%2F%2Fsearch.rakuten.co.jp%2Fsearch%2Fmall%2F%E5%AE%AE%E5%AF%92%E6%A2%85%2F100337%2F","https://ck.jp.ap.valuecommerce.com/servlet/referral?sid=3286639&pid=885409294&vc_url=https%3A%2F%2Fshopping.yahoo.co.jp%2Fsearch%3Ffirst%3D1%26tab_ex%3Dcommerce%26fr%3Dshp-prop%26mcr%3Dd2ec28baa8330e143e61f8efad452d70%26ts%3D1682307004%26sretry%3D1%26sc_i%3Dshp_pc_top_searchBox%26cid%3D1359%26area%3D13%26p%3D%E5%AE%AE%E5%AF%92%E6%A2%85","宮城 | 寒梅酒造","4.40点"
"10位","（はなあび）","https://www.saketime.jp/brands/553/","花陽浴","https://www.saketime.jp/img/brand/review/553/thum_d5102add211df7b01d2da698f63c18ef.jpg","https://www.amazon.co.jp/s?i=food-beverage&rh=n%3A71610051&_encoding=UTF8&tag=saketime-22&linkCode=ur2&dc&k=%E8%8A%B1%E9%99%BD%E6%B5%B4+%E6%97%A5%E6%9C%AC%E9%85%92","https://hb.afl.rakuten.co.jp/hgc/33b13d19.35160926.33b13d1b.795c9924/?link_type=hybrid_url&ut=eyJwYWdlIjoidXJsIiwidHlwZSI6Imh5YnJpZF91cmwiLCJjb2wiOjF9&pc=https%3A%2F%2Fsearch.rakuten.co.jp%2Fsearch%2Fmall%2F%E8%8A%B1%E9%99%BD%E6%B5%B4%2F100337%2F%3Fnitem%3D%E8%97%8D%E3%81%AE%E9%83%B7+%E7%8D%BA%E7%A5%AD+%E6%89%8B%E6%8F%90%E3%81%92+%E6%AD%A3%E8%A6%8F%E5%93%81","https://ck.jp.ap.valuecommerce.com/servlet/referral?sid=3286639&pid=885409294&vc_url=https%3A%2F%2Fshopping.yahoo.co.jp%2Fsearch%3Ffirst%3D1%26tab_ex%3Dcommerce%26fr%3Dshp-prop%26mcr%3Dd2ec28baa8330e143e61f8efad452d70%26ts%3D1682307004%26sretry%3D1%26sc_i%3Dshp_pc_top_searchBox%26cid%3D1359%26area%3D13%26p%3D%E8%8A%B1%E9%99%BD%E6%B5%B4+-%E8%97%8D%E3%81%AE%E9%83%B7+-%E7%8D%BA%E7%A5%AD+-%E6%89%8B%E6%8F%90%E3%81%92+-%E6%AD%A3%E8%A6%8F%E5%93%81","埼玉 | 南陽醸造","4.39点"
"10位","（ふさのかんきく）","https://www.saketime.jp/brands/575/","総乃寒菊","https://www.saketime.jp/img/brand/review/575/thum_0cdcb3d31e7eaa1144f1c587d9597bfe.jpg","https://www.amazon.co.jp/s?i=food-beverage&rh=n%3A71610051&_encoding=UTF8&tag=saketime-22&linkCode=ur2&dc&k=%E7%B7%8F%E4%B9%83%E5%AF%92%E8%8F%8A+%E6%97%A5%E6%9C%AC%E9%85%92","https://hb.afl.rakuten.co.jp/hgc/33b13d19.35160926.33b13d1b.795c9924/?link_type=hybrid_url&ut=eyJwYWdlIjoidXJsIiwidHlwZSI6Imh5YnJpZF91cmwiLCJjb2wiOjF9&pc=https%3A%2F%2Fsearch.rakuten.co.jp%2Fsearch%2Fmall%2F%E7%B7%8F%E4%B9%83%E5%AF%92%E8%8F%8A%2F100337%2F%3Fnitem%3Docean99+%E5%A4%A7%E4%BF%A1%E5%B7%9E+%E5%B3%B6%E6%A0%B9%E7%9C%8C+%E7%A9%BA%E6%B5%B7+OCEAN+99+%E9%9B%BB%E7%85%A7%E8%8F%8A","https://ck.jp.ap.valuecommerce.com/servlet/referral?sid=3286639&pid=885409294&vc_url=https%3A%2F%2Fshopping.yahoo.co.jp%2Fsearch%3Ffirst%3D1%26tab_ex%3Dcommerce%26fr%3Dshp-prop%26mcr%3Dd2ec28baa8330e143e61f8efad452d70%26ts%3D1682307004%26sretry%3D1%26sc_i%3Dshp_pc_top_searchBox%26cid%3D1359%26area%3D13%26p%3D%E7%B7%8F%E4%B9%83%E5%AF%92%E8%8F%8A+-ocean99+-%E5%A4%A7%E4%BF%A1%E5%B7%9E+-%E5%B3%B6%E6%A0%B9%E7%9C%8C+-%E7%A9%BA%E6%B5%B7+-OCEAN+99+-%E9%9B%BB%E7%85%A7%E8%8F%8A","千葉 | 寒菊銘醸","4.39点"
"12位","（はなむら）","https://www.saketime.jp/brands/3606/","花邑","https://www.saketime.jp/img/brand/review/3606/thum_62406818a2279b0fec35164e74fba67a.jpg","https://www.amazon.co.jp/s?i=food-beverage&rh=n%3A71610051&_encoding=UTF8&tag=saketime-22&linkCode=ur2&dc&k=%E8%8A%B1%E9%82%91+%E6%97%A5%E6%9C%AC%E9%85%92","https://hb.afl.rakuten.co.jp/hgc/33b13d19.35160926.33b13d1b.795c9924/?link_type=hybrid_url&ut=eyJwYWdlIjoidXJsIiwidHlwZSI6Imh5YnJpZF91cmwiLCJjb2wiOjF9&pc=https%3A%2F%2Fsearch.rakuten.co.jp%2Fsearch%2Fmall%2F%E8%8A%B1%E9%82%91%2F100337%2F%3Fnitem%3DRz55+%E5%A4%A9%E3%81%AE%E6%88%B8+%E7%BF%A0%E7%8E%89+%E6%A1%9C%E3%83%A9%E3%83%99%E3%83%AB+3%E6%9C%AC+%E6%96%B0%E6%94%BF","https://ck.jp.ap.valuecommerce.com/servlet/referral?sid=3286639&pid=885409294&vc_url=https%3A%2F%2Fshopping.yahoo.co.jp%2Fsearch%3Ffirst%3D1%26tab_ex%3Dcommerce%26fr%3Dshp-prop%26mcr%3Dd2ec28baa8330e143e61f8efad452d70%26ts%3D1682307004%26sretry%3D1%26sc_i%3Dshp_pc_top_searchBox%26cid%3D1359%26area%3D13%26p%3D%E8%8A%B1%E9%82%91+-Rz55+-%E5%A4%A9%E3%81%AE%E6%88%B8+-%E7%BF%A0%E7%8E%89+-%E6%A1%9C%E3%83%A9%E3%83%99%E3%83%AB+-3%E6%9C%AC+-%E6%96%B0%E6%94%BF","秋田 | 両関酒造","4.38点"
"13位","（オーシャン ナインティナイン）","https://www.saketime.jp/brands/6222/","OCEAN99","https://www.saketime.jp/img/brand/review/6222/thum_b424fafc9194aba078f968f07c0dc6d6.jpg","https://www.amazon.co.jp/s?i=food-beverage&rh=n%3A71610051&_encoding=UTF8&tag=saketime-22&linkCode=ur2&dc&k=OCEAN99+%E6%97%A5%E6%9C%AC%E9%85%92","https://hb.afl.rakuten.co.jp/hgc/33b13d19.35160926.33b13d1b.795c9924/?link_type=hybrid_url&ut=eyJwYWdlIjoidXJsIiwidHlwZSI6Imh5YnJpZF91cmwiLCJjb2wiOjF9&pc=https%3A%2F%2Fsearch.rakuten.co.jp%2Fsearch%2Fmall%2FOCEAN99%2F100337%2F","https://ck.jp.ap.valuecommerce.com/servlet/referral?sid=3286639&pid=885409294&vc_url=https%3A%2F%2Fshopping.yahoo.co.jp%2Fsearch%3Ffirst%3D1%26tab_ex%3Dcommerce%26fr%3Dshp-prop%26mcr%3Dd2ec28baa8330e143e61f8efad452d70%26ts%3D1682307004%26sretry%3D1%26sc_i%3Dshp_pc_top_searchBox%26cid%3D1359%26area%3D13%26p%3DOCEAN99","千葉 | 寒菊銘醸","4.36点"
"14位","（しゃらく）","https://www.saketime.jp/brands/372/","写楽（冩樂）","https://www.saketime.jp/img/brand/review/372/thum_b5ec0012fbe79afb260664a4a5265ce2.jpg","https://www.amazon.co.jp/s?i=food-beverage&rh=n%3A71610051&_encoding=UTF8&tag=saketime-22&linkCode=ur2&dc&k=%E5%86%99%E6%A5%BD%EF%BC%88%E5%86%A9%E6%A8%82%EF%BC%89+%E6%97%A5%E6%9C%AC%E9%85%92","https://hb.afl.rakuten.co.jp/hgc/33b13d19.35160926.33b13d1b.795c9924/?link_type=hybrid_url&ut=eyJwYWdlIjoidXJsIiwidHlwZSI6Imh5YnJpZF91cmwiLCJjb2wiOjF9&pc=https%3A%2F%2Fsearch.rakuten.co.jp%2Fsearch%2Fmall%2F%E5%86%99%E6%A5%BD%EF%BC%88%E5%86%A9%E6%A8%82%EF%BC%89%2F100337%2F%3Fnitem%3D%E5%87%BA%E7%BE%BD%E6%A1%9C","https://ck.jp.ap.valuecommerce.com/servlet/referral?sid=3286639&pid=885409294&vc_url=https%3A%2F%2Fshopping.yahoo.co.jp%2Fsearch%3Ffirst%3D1%26tab_ex%3Dcommerce%26fr%3Dshp-prop%26mcr%3Dd2ec28baa8330e143e61f8efad452d70%26ts%3D1682307004%26sretry%3D1%26sc_i%3Dshp_pc_top_searchBox%26cid%3D1359%26area%3D13%26p%3D%E5%86%99%E6%A5%BD%EF%BC%88%E5%86%A9%E6%A8%82%EF%BC%89+-%E5%87%BA%E7%BE%BD%E6%A1%9C","福島 | 宮泉銘醸","4.35点"
"14位","（ソガペール エ フィス）","https://www.saketime.jp/brands/3402/","ソガペールエフィス","https://www.saketime.jp/img/brand/review/3402/thum_8323ec08ddf037e2a58cf8e800119939.jpg","https://www.amazon.co.jp/s?i=food-beverage&rh=n%3A71610051&_encoding=UTF8&tag=saketime-22&linkCode=ur2&dc&k=%E3%82%BD%E3%82%AC%E3%83%9A%E3%83%BC%E3%83%AB%E3%82%A8%E3%83%95%E3%82%A3%E3%82%B9+%E6%97%A5%E6%9C%AC%E9%85%92","https://hb.afl.rakuten.co.jp/hgc/33b13d19.35160926.33b13d1b.795c9924/?link_type=hybrid_url&ut=eyJwYWdlIjoidXJsIiwidHlwZSI6Imh5YnJpZF91cmwiLCJjb2wiOjF9&pc=https%3A%2F%2Fsearch.rakuten.co.jp%2Fsearch%2Fmall%2F%E3%82%BD%E3%82%AC%E3%83%9A%E3%83%BC%E3%83%AB%E3%82%A8%E3%83%95%E3%82%A3%E3%82%B9%2F100337%2F","https://ck.jp.ap.valuecommerce.com/servlet/referral?sid=3286639&pid=885409294&vc_url=https%3A%2F%2Fshopping.yahoo.co.jp%2Fsearch%3Ffirst%3D1%26tab_ex%3Dcommerce%26fr%3Dshp-prop%26mcr%3Dd2ec28baa8330e143e61f8efad452d70%26ts%3D1682307004%26sretry%3D1%26sc_i%3Dshp_pc_top_searchBox%26cid%3D1359%26area%3D13%26p%3D%E3%82%BD%E3%82%AC%E3%83%9A%E3%83%BC%E3%83%AB%E3%82%A8%E3%83%95%E3%82%A3%E3%82%B9","長野 | 小布施ワイナリー","4.35点"
"16位","（あべ）","https://www.saketime.jp/brands/4250/","あべ","https://www.saketime.jp/img/brand/review/4250/thum_4395897d093be04a4ea1415d7e69df1d.jpg","https://www.amazon.co.jp/s?i=food-beverage&rh=n%3A71610051&_encoding=UTF8&tag=saketime-22&linkCode=ur2&dc&k=%E3%81%82%E3%81%B9+%E6%97%A5%E6%9C%AC%E9%85%92","https://hb.afl.rakuten.co.jp/hgc/33b13d19.35160926.33b13d1b.795c9924/?link_type=hybrid_url&ut=eyJwYWdlIjoidXJsIiwidHlwZSI6Imh5YnJpZF91cmwiLCJjb2wiOjF9&pc=https%3A%2F%2Fsearch.rakuten.co.jp%2Fsearch%2Fmall%2F%E3%81%82%E3%81%B9%2F100337%2F%3Fnitem%3D%E3%81%82%E3%81%B9%E3%82%8A%E3%81%82+%E8%BE%B2%E5%9C%92+%E9%AF%89%E5%B7%9D%E9%85%92%E9%80%A0+%E7%94%B7%E5%B1%B1+%E9%85%92%E5%95%86+%E9%98%BF%E9%83%A8%E5%8B%98","https://ck.jp.ap.valuecommerce.com/servlet/referral?sid=3286639&pid=885409294&vc_url=https%3A%2F%2Fshopping.yahoo.co.jp%2Fsearch%3Ffirst%3D1%26tab_ex%3Dcommerce%26fr%3Dshp-prop%26mcr%3Dd2ec28baa8330e143e61f8efad452d70%26ts%3D1682307004%26sretry%3D1%26sc_i%3Dshp_pc_top_searchBox%26cid%3D1359%26area%3D13%26p%3D%E3%81%82%E3%81%B9+-%E3%81%82%E3%81%B9%E3%82%8A%E3%81%82+-%E8%BE%B2%E5%9C%92+-%E9%AF%89%E5%B7%9D%E9%85%92%E9%80%A0+-%E7%94%B7%E5%B1%B1+-%E9%85%92%E5%95%86+-%E9%98%BF%E9%83%A8%E5%8B%98","新潟 | 阿部酒造","4.34点"
"17位","（かわなかじま げんぶ）","https://www.saketime.jp/brands/3480/","川中島 幻舞","https://www.saketime.jp/img/brand/review/3480/thum_22d6f4b4f12b62e24696e441948a0835.jpg","https://www.amazon.co.jp/s?i=food-beverage&rh=n%3A71610051&_encoding=UTF8&tag=saketime-22&linkCode=ur2&dc&k=%E5%B7%9D%E4%B8%AD%E5%B3%B6+%E5%B9%BB%E8%88%9E+%E6%97%A5%E6%9C%AC%E9%85%92","https://hb.afl.rakuten.co.jp/hgc/33b13d19.35160926.33b13d1b.795c9924/?link_type=hybrid_url&ut=eyJwYWdlIjoidXJsIiwidHlwZSI6Imh5YnJpZF91cmwiLCJjb2wiOjF9&pc=https%3A%2F%2Fsearch.rakuten.co.jp%2Fsearch%2Fmall%2F%E5%B7%9D%E4%B8%AD%E5%B3%B6+%E5%B9%BB%E8%88%9E%2F100337%2F%3Fnitem%3D%E3%81%AB%E3%81%94%E3%82%8A%E9%85%92+%E7%89%B9%E5%88%A5%E7%B4%94%E7%B1%B3","https://ck.jp.ap.valuecommerce.com/servlet/referral?sid=3286639&pid=885409294&vc_url=https%3A%2F%2Fshopping.yahoo.co.jp%2Fsearch%3Ffirst%3D1%26tab_ex%3Dcommerce%26fr%3Dshp-prop%26mcr%3Dd2ec28baa8330e143e61f8efad452d70%26ts%3D1682307004%26sretry%3D1%26sc_i%3Dshp_pc_top_searchBox%26cid%3D1359%26area%3D13%26p%3D%E5%B7%9D%E4%B8%AD%E5%B3%B6+%E5%B9%BB%E8%88%9E+-%E3%81%AB%E3%81%94%E3%82%8A%E9%85%92+-%E7%89%B9%E5%88%A5%E7%B4%94%E7%B1%B3","長野 | 酒千蔵野","4.33点"
"18位","（にふだざけ）","https://www.saketime.jp/brands/2450/","荷札酒","https://www.saketime.jp/img/brand/review/2450/thum_00951f7ae5753052ac12644517845c91.jpg","https://www.amazon.co.jp/s?i=food-beverage&rh=n%3A71610051&_encoding=UTF8&tag=saketime-22&linkCode=ur2&dc&k=%E8%8D%B7%E6%9C%AD%E9%85%92+%E6%97%A5%E6%9C%AC%E9%85%92","https://hb.afl.rakuten.co.jp/hgc/33b13d19.35160926.33b13d1b.795c9924/?link_type=hybrid_url&ut=eyJwYWdlIjoidXJsIiwidHlwZSI6Imh5YnJpZF91cmwiLCJjb2wiOjF9&pc=https%3A%2F%2Fsearch.rakuten.co.jp%2Fsearch%2Fmall%2F%E8%8D%B7%E6%9C%AD%E9%85%92%2F100337%2F%3Fnitem%3D%E7%B1%B3%E8%A2%8B+%E3%81%9D%E3%81%AE%E3%81%BE%E3%81%BE+%E5%A3%B1%E4%B9%85+1%E6%9C%AC%E3%81%82%E3%81%9F%E3%82%8A+%E8%A8%B3%E3%81%82%E3%82%8A+%E8%B6%8A%E5%BE%8C%E5%AF%92%E6%A4%BF","https://ck.jp.ap.valuecommerce.com/servlet/referral?sid=3286639&pid=885409294&vc_url=https%3A%2F%2Fshopping.yahoo.co.jp%2Fsearch%3Ffirst%3D1%26tab_ex%3Dcommerce%26fr%3Dshp-prop%26mcr%3Dd2ec28baa8330e143e61f8efad452d70%26ts%3D1682307004%26sretry%3D1%26sc_i%3Dshp_pc_top_searchBox%26cid%3D1359%26area%3D13%26p%3D%E8%8D%B7%E6%9C%AD%E9%85%92+-%E7%B1%B3%E8%A2%8B+-%E3%81%9D%E3%81%AE%E3%81%BE%E3%81%BE+-%E5%A3%B1%E4%B9%85+-1%E6%9C%AC%E3%81%82%E3%81%9F%E3%82%8A+-%E8%A8%B3%E3%81%82%E3%82%8A+-%E8%B6%8A%E5%BE%8C%E5%AF%92%E6%A4%BF","新潟 | 加茂錦酒造","4.32点"
"19位","（あらまさ）","https://www.saketime.jp/brands/113/","新政","https://www.saketime.jp/img/brand/review/113/thum_1d267feb45194a8866d669f117da5773.jpg","https://www.amazon.co.jp/s?i=food-beverage&rh=n%3A71610051&_encoding=UTF8&tag=saketime-22&linkCode=ur2&dc&k=%E6%96%B0%E6%94%BF+%E6%97%A5%E6%9C%AC%E9%85%92","https://hb.afl.rakuten.co.jp/hgc/33b13d19.35160926.33b13d1b.795c9924/?link_type=hybrid_url&ut=eyJwYWdlIjoidXJsIiwidHlwZSI6Imh5YnJpZF91cmwiLCJjb2wiOjF9&pc=https%3A%2F%2Fsearch.rakuten.co.jp%2Fsearch%2Fmall%2F%E6%96%B0%E6%94%BF%2F100337%2F%3Fnitem%3DNo+NO+no+type+%EF%BD%94%EF%BD%99%EF%BD%90%EF%BD%85+%E3%82%BF%E3%82%A4%E3%83%97+%E9%99%BD%E4%B9%83%E9%B3%A5+%E4%BA%9C%E9%BA%BB%E7%8C%AB+%E5%A4%A9%E8%9B%99+%E3%82%84%E3%81%BE%E3%83%A6+%E6%B6%85%E6%A7%83%E9%BE%9C+NEXT5+%E7%B4%AB%E5%85%AB%E5%92%AB+%E3%82%84%E3%81%BE%E3%82%A6+%E7%95%B0%E7%AB%AF+%E5%85%AD%E8%99%9F+%E6%A1%83+%E4%B8%AD%E5%8F%A4+%E5%8C%97%E9%9B%AA+%E6%96%B0%E6%94%BF%E3%81%A7","https://ck.jp.ap.valuecommerce.com/servlet/referral?sid=3286639&pid=885409294&vc_url=https%3A%2F%2Fshopping.yahoo.co.jp%2Fsearch%3Ffirst%3D1%26tab_ex%3Dcommerce%26fr%3Dshp-prop%26mcr%3Dd2ec28baa8330e143e61f8efad452d70%26ts%3D1682307004%26sretry%3D1%26sc_i%3Dshp_pc_top_searchBox%26cid%3D1359%26area%3D13%26p%3D%E6%96%B0%E6%94%BF+-No+-NO+-no+-type+-%EF%BD%94%EF%BD%99%EF%BD%90%EF%BD%85+-%E3%82%BF%E3%82%A4%E3%83%97+-%E9%99%BD%E4%B9%83%E9%B3%A5+-%E4%BA%9C%E9%BA%BB%E7%8C%AB+-%E5%A4%A9%E8%9B%99+-%E3%82%84%E3%81%BE%E3%83%A6+-%E6%B6%85%E6%A7%83%E9%BE%9C+-NEXT5+-%E7%B4%AB%E5%85%AB%E5%92%AB+-%E3%82%84%E3%81%BE%E3%82%A6+-%E7%95%B0%E7%AB%AF+-%E5%85%AD%E8%99%9F+-%E6%A1%83+-%E4%B8%AD%E5%8F%A4+-%E5%8C%97%E9%9B%AA+-%E6%96%B0%E6%94%BF%E3%81%A7","秋田 | 新政酒造","4.31点"
"19位","（あまねこ）","https://www.saketime.jp/brands/2166/","亜麻猫","https://www.saketime.jp/img/brand/review/2166/thum_31f330fcf2a39021f9d31b15f919d314.jpg","https://www.amazon.co.jp/s?i=food-beverage&rh=n%3A71610051&_encoding=UTF8&tag=saketime-22&linkCode=ur2&dc&k=%E4%BA%9C%E9%BA%BB%E7%8C%AB+%E6%97%A5%E6%9C%AC%E9%85%92","https://hb.afl.rakuten.co.jp/hgc/33b13d19.35160926.33b13d1b.795c9924/?link_type=hybrid_url&ut=eyJwYWdlIjoidXJsIiwidHlwZSI6Imh5YnJpZF91cmwiLCJjb2wiOjF9&pc=https%3A%2F%2Fsearch.rakuten.co.jp%2Fsearch%2Fmall%2F%E4%BA%9C%E9%BA%BB%E7%8C%AB%2F100337%2F%3Fnitem%3D%E9%A3%9B%E8%89%AF%E6%B3%89+%E9%99%BD%E4%B9%83%E9%B3%A5","https://ck.jp.ap.valuecommerce.com/servlet/referral?sid=3286639&pid=885409294&vc_url=https%3A%2F%2Fshopping.yahoo.co.jp%2Fsearch%3Ffirst%3D1%26tab_ex%3Dcommerce%26fr%3Dshp-prop%26mcr%3Dd2ec28baa8330e143e61f8efad452d70%26ts%3D1682307004%26sretry%3D1%26sc_i%3Dshp_pc_top_searchBox%26cid%3D1359%26area%3D13%26p%3D%E4%BA%9C%E9%BA%BB%E7%8C%AB+-%E9%A3%9B%E8%89%AF%E6%B3%89+-%E9%99%BD%E4%B9%83%E9%B3%A5","秋田 | 新政酒造","4.31点"
"21位","（みむろすぎ）","https://www.saketime.jp/brands/1496/","みむろ杉","https://www.saketime.jp/img/brand/review/1496/thum_ba8a16b5cb72efb83dc6442f714e9fba.jpg","https://www.amazon.co.jp/s?i=food-beverage&rh=n%3A71610051&_encoding=UTF8&tag=saketime-22&linkCode=ur2&dc&k=%E3%81%BF%E3%82%80%E3%82%8D%E6%9D%89+%E6%97%A5%E6%9C%AC%E9%85%92","https://hb.afl.rakuten.co.jp/hgc/33b13d19.35160926.33b13d1b.795c9924/?link_type=hybrid_url&ut=eyJwYWdlIjoidXJsIiwidHlwZSI6Imh5YnJpZF91cmwiLCJjb2wiOjF9&pc=https%3A%2F%2Fsearch.rakuten.co.jp%2Fsearch%2Fmall%2F%E3%81%BF%E3%82%80%E3%82%8D%E6%9D%89%2F100337%2F%3Fnitem%3D%E4%BB%8A%E8%A5%BF+%E9%AC%BC%E3%81%94%E3%81%AE%E3%81%BF","https://ck.jp.ap.valuecommerce.com/servlet/referral?sid=3286639&pid=885409294&vc_url=https%3A%2F%2Fshopping.yahoo.co.jp%2Fsearch%3Ffirst%3D1%26tab_ex%3Dcommerce%26fr%3Dshp-prop%26mcr%3Dd2ec28baa8330e143e61f8efad452d70%26ts%3D1682307004%26sretry%3D1%26sc_i%3Dshp_pc_top_searchBox%26cid%3D1359%26area%3D13%26p%3D%E3%81%BF%E3%82%80%E3%82%8D%E6%9D%89+-%E4%BB%8A%E8%A5%BF+-%E9%AC%BC%E3%81%94%E3%81%AE%E3%81%BF","奈良 | 今西酒造","4.30点"
"21位","（ヨコヤマ）","https://www.saketime.jp/brands/5487/","よこやま","https://www.saketime.jp/img/brand/review/5487/thum_0b265d772efc85acd19900ecf78e2dca.jpg","https://www.amazon.co.jp/s?i=food-beverage&rh=n%3A71610051&_encoding=UTF8&tag=saketime-22&linkCode=ur2&dc&k=%E3%82%88%E3%81%93%E3%82%84%E3%81%BE+%E6%97%A5%E6%9C%AC%E9%85%92","https://hb.afl.rakuten.co.jp/hgc/33b13d19.35160926.33b13d1b.795c9924/?link_type=hybrid_url&ut=eyJwYWdlIjoidXJsIiwidHlwZSI6Imh5YnJpZF91cmwiLCJjb2wiOjF9&pc=https%3A%2F%2Fsearch.rakuten.co.jp%2Fsearch%2Fmall%2F%E3%82%88%E3%81%93%E3%82%84%E3%81%BE%2F100337%2F%3Fnitem%3D%E6%A8%AA%E5%B1%B1%E4%BA%94%E5%8D%81","https://ck.jp.ap.valuecommerce.com/servlet/referral?sid=3286639&pid=885409294&vc_url=https%3A%2F%2Fshopping.yahoo.co.jp%2Fsearch%3Ffirst%3D1%26tab_ex%3Dcommerce%26fr%3Dshp-prop%26mcr%3Dd2ec28baa8330e143e61f8efad452d70%26ts%3D1682307004%26sretry%3D1%26sc_i%3Dshp_pc_top_searchBox%26cid%3D1359%26area%3D13%26p%3D%E3%82%88%E3%81%93%E3%82%84%E3%81%BE+-%E6%A8%AA%E5%B1%B1%E4%BA%94%E5%8D%81","長崎 | 重家酒造","4.30点"
"23位","（とうようびじん）","https://www.saketime.jp/brands/1821/","東洋美人","https://www.saketime.jp/img/brand/review/1821/thum_a2a8520b376d85ff83ccb218f377e326.jpg","https://www.amazon.co.jp/s?i=food-beverage&rh=n%3A71610051&_encoding=UTF8&tag=saketime-22&linkCode=ur2&dc&k=%E6%9D%B1%E6%B4%8B%E7%BE%8E%E4%BA%BA+%E6%97%A5%E6%9C%AC%E9%85%92","https://hb.afl.rakuten.co.jp/hgc/33b13d19.35160926.33b13d1b.795c9924/?link_type=hybrid_url&ut=eyJwYWdlIjoidXJsIiwidHlwZSI6Imh5YnJpZF91cmwiLCJjb2wiOjF9&pc=https%3A%2F%2Fsearch.rakuten.co.jp%2Fsearch%2Fmall%2F%E6%9D%B1%E6%B4%8B%E7%BE%8E%E4%BA%BA%2F100337%2F","https://ck.jp.ap.valuecommerce.com/servlet/referral?sid=3286639&pid=885409294&vc_url=https%3A%2F%2Fshopping.yahoo.co.jp%2Fsearch%3Ffirst%3D1%26tab_ex%3Dcommerce%26fr%3Dshp-prop%26mcr%3Dd2ec28baa8330e143e61f8efad452d70%26ts%3D1682307004%26sretry%3D1%26sc_i%3Dshp_pc_top_searchBox%26cid%3D1359%26area%3D13%26p%3D%E6%9D%B1%E6%B4%8B%E7%BE%8E%E4%BA%BA","山口 | 澄川酒造場","4.29点"
"23位","（ひろとがわ）","https://www.saketime.jp/brands/2299/","廣戸川","https://www.saketime.jp/img/brand/review/2299/thum_07b0057ff2e4cc1fff13736ef98bb503.jpg","https://www.amazon.co.jp/s?i=food-beverage&rh=n%3A71610051&_encoding=UTF8&tag=saketime-22&linkCode=ur2&dc&k=%E5%BB%A3%E6%88%B8%E5%B7%9D+%E6%97%A5%E6%9C%AC%E9%85%92","https://hb.afl.rakuten.co.jp/hgc/33b13d19.35160926.33b13d1b.795c9924/?link_type=hybrid_url&ut=eyJwYWdlIjoidXJsIiwidHlwZSI6Imh5YnJpZF91cmwiLCJjb2wiOjF9&pc=https%3A%2F%2Fsearch.rakuten.co.jp%2Fsearch%2Fmall%2F%E5%BB%A3%E6%88%B8%E5%B7%9D%2F100337%2F%3Fnitem%3D%E7%9F%B3%E8%83%8C+2%E6%9C%AC+%EF%BC%92%E6%9C%AC+6%E6%9C%AC+12%E6%9C%AC","https://ck.jp.ap.valuecommerce.com/servlet/referral?sid=3286639&pid=885409294&vc_url=https%3A%2F%2Fshopping.yahoo.co.jp%2Fsearch%3Ffirst%3D1%26tab_ex%3Dcommerce%26fr%3Dshp-prop%26mcr%3Dd2ec28baa8330e143e61f8efad452d70%26ts%3D1682307004%26sretry%3D1%26sc_i%3Dshp_pc_top_searchBox%26cid%3D1359%26area%3D13%26p%3D%E5%BB%A3%E6%88%B8%E5%B7%9D+-%E7%9F%B3%E8%83%8C+-2%E6%9C%AC+-%EF%BC%92%E6%9C%AC+-6%E6%9C%AC+-12%E6%9C%AC","福島 | 松崎酒造店","4.29点"
"23位","（いび）","https://www.saketime.jp/brands/1189/","射美","https://www.saketime.jp/img/brand/review/1189/thum_903e407f7ce375e9375f65d14609fe45.jpg","https://www.amazon.co.jp/s?i=food-beverage&rh=n%3A71610051&_encoding=UTF8&tag=saketime-22&linkCode=ur2&dc&k=%E5%B0%84%E7%BE%8E+%E6%97%A5%E6%9C%AC%E9%85%92","https://hb.afl.rakuten.co.jp/hgc/33b13d19.35160926.33b13d1b.795c9924/?link_type=hybrid_url&ut=eyJwYWdlIjoidXJsIiwidHlwZSI6Imh5YnJpZF91cmwiLCJjb2wiOjF9&pc=https%3A%2F%2Fsearch.rakuten.co.jp%2Fsearch%2Fmall%2F%E5%B0%84%E7%BE%8E%2F100337%2F%3Fnitem%3D%E8%80%8C%E4%BB%8A+%E5%8D%81%E5%9B%9B%E4%BB%A3+%E6%96%B0%E6%94%BF+%E4%BF%A1%E5%B7%9E%E4%BA%80%E9%BD%A2+%E8%B5%A4%E6%AD%A6+%E3%81%8F%E3%81%A9%E3%81%8D%E4%B8%8A%E6%89%8B+%E4%BB%99%E7%A6%BD","https://ck.jp.ap.valuecommerce.com/servlet/referral?sid=3286639&pid=885409294&vc_url=https%3A%2F%2Fshopping.yahoo.co.jp%2Fsearch%3Ffirst%3D1%26tab_ex%3Dcommerce%26fr%3Dshp-prop%26mcr%3Dd2ec28baa8330e143e61f8efad452d70%26ts%3D1682307004%26sretry%3D1%26sc_i%3Dshp_pc_top_searchBox%26cid%3D1359%26area%3D13%26p%3D%E5%B0%84%E7%BE%8E+-%E8%80%8C%E4%BB%8A+-%E5%8D%81%E5%9B%9B%E4%BB%A3+-%E6%96%B0%E6%94%BF+-%E4%BF%A1%E5%B7%9E%E4%BA%80%E9%BD%A2+-%E8%B5%A4%E6%AD%A6+-%E3%81%8F%E3%81%A9%E3%81%8D%E4%B8%8A%E6%89%8B+-%E4%BB%99%E7%A6%BD","岐阜 | 杉原酒造","4.29点"
"26位","（みこつる）","https://www.saketime.jp/brands/913/","御湖鶴","https://www.saketime.jp/img/brand/review/913/thum_575e12f167f20d4812ba1d9a72520a7f.jpg","https://www.amazon.co.jp/s?i=food-beverage&rh=n%3A71610051&_encoding=UTF8&tag=saketime-22&linkCode=ur2&dc&k=%E5%BE%A1%E6%B9%96%E9%B6%B4+%E6%97%A5%E6%9C%AC%E9%85%92","https://hb.afl.rakuten.co.jp/hgc/33b13d19.35160926.33b13d1b.795c9924/?link_type=hybrid_url&ut=eyJwYWdlIjoidXJsIiwidHlwZSI6Imh5YnJpZF91cmwiLCJjb2wiOjF9&pc=https%3A%2F%2Fsearch.rakuten.co.jp%2Fsearch%2Fmall%2F%E5%BE%A1%E6%B9%96%E9%B6%B4%2F100337%2F","https://ck.jp.ap.valuecommerce.com/servlet/referral?sid=3286639&pid=885409294&vc_url=https%3A%2F%2Fshopping.yahoo.co.jp%2Fsearch%3Ffirst%3D1%26tab_ex%3Dcommerce%26fr%3Dshp-prop%26mcr%3Dd2ec28baa8330e143e61f8efad452d70%26ts%3D1682307004%26sretry%3D1%26sc_i%3Dshp_pc_top_searchBox%26cid%3D1359%26area%3D13%26p%3D%E5%BE%A1%E6%B9%96%E9%B6%B4","長野 | 諏訪御湖鶴酒造場","4.28点"
"27位","（まちだしゅぞう）","https://www.saketime.jp/brands/473/","町田酒造","https://www.saketime.jp/img/brand/review/473/thum_964ec22ccd4668190003a09e8a039694.jpg","https://www.amazon.co.jp/s?i=food-beverage&rh=n%3A71610051&_encoding=UTF8&tag=saketime-22&linkCode=ur2&dc&k=%E7%94%BA%E7%94%B0%E9%85%92%E9%80%A0+%E6%97%A5%E6%9C%AC%E9%85%92","https://hb.afl.rakuten.co.jp/hgc/33b13d19.35160926.33b13d1b.795c9924/?link_type=hybrid_url&ut=eyJwYWdlIjoidXJsIiwidHlwZSI6Imh5YnJpZF91cmwiLCJjb2wiOjF9&pc=https%3A%2F%2Fsearch.rakuten.co.jp%2Fsearch%2Fmall%2F%E7%94%BA%E7%94%B0%E9%85%92%E9%80%A0%2F100337%2F%3Fnitem%3D%E9%87%8C%E3%81%AE%E6%9B%99+%E6%B8%85%E7%9E%AD+%E6%B8%85%E3%82%8A%E3%82%87%E3%81%86+%E6%9D%B1%E4%B8%80+%E5%A5%84%E7%BE%8E%E3%81%AE%E6%9D%9C+%E9%BB%92%E7%B3%96+%E3%82%AB%E3%82%BF%E3%82%AB%E3%83%8A%E3%83%9E%E3%83%81%E3%83%80+%E3%81%99%E3%82%82%E3%82%82+MM%E3%82%B9%E3%83%91%E3%82%A4%E3%83%80%E3%83%BC+%E9%9B%AA%E5%BD%B1","https://ck.jp.ap.valuecommerce.com/servlet/referral?sid=3286639&pid=885409294&vc_url=https%3A%2F%2Fshopping.yahoo.co.jp%2Fsearch%3Ffirst%3D1%26tab_ex%3Dcommerce%26fr%3Dshp-prop%26mcr%3Dd2ec28baa8330e143e61f8efad452d70%26ts%3D1682307004%26sretry%3D1%26sc_i%3Dshp_pc_top_searchBox%26cid%3D1359%26area%3D13%26p%3D%E7%94%BA%E7%94%B0%E9%85%92%E9%80%A0+-%E9%87%8C%E3%81%AE%E6%9B%99+-%E6%B8%85%E7%9E%AD+-%E6%B8%85%E3%82%8A%E3%82%87%E3%81%86+-%E6%9D%B1%E4%B8%80+-%E5%A5%84%E7%BE%8E%E3%81%AE%E6%9D%9C+-%E9%BB%92%E7%B3%96+-%E3%82%AB%E3%82%BF%E3%82%AB%E3%83%8A%E3%83%9E%E3%83%81%E3%83%80+-%E3%81%99%E3%82%82%E3%82%82+-MM%E3%82%B9%E3%83%91%E3%82%A4%E3%83%80%E3%83%BC+-%E9%9B%AA%E5%BD%B1","群馬 | 町田酒造店","4.26点"
"27位","（かめいずみ）","https://www.saketime.jp/brands/1927/","亀泉","https://www.saketime.jp/img/brand/review/1927/thum_c2ef9c49174ef0db3d35664e0302ecb4.jpg","https://www.amazon.co.jp/s?i=food-beverage&rh=n%3A71610051&_encoding=UTF8&tag=saketime-22&linkCode=ur2&dc&k=%E4%BA%80%E6%B3%89+%E6%97%A5%E6%9C%AC%E9%85%92","https://hb.afl.rakuten.co.jp/hgc/33b13d19.35160926.33b13d1b.795c9924/?link_type=hybrid_url&ut=eyJwYWdlIjoidXJsIiwidHlwZSI6Imh5YnJpZF91cmwiLCJjb2wiOjF9&pc=https%3A%2F%2Fsearch.rakuten.co.jp%2Fsearch%2Fmall%2F%E4%BA%80%E6%B3%89%2F100337%2F%3Fnitem%3D%E9%9B%A8%E5%BE%8C%E3%81%AE%E6%9C%88","https://ck.jp.ap.valuecommerce.com/servlet/referral?sid=3286639&pid=885409294&vc_url=https%3A%2F%2Fshopping.yahoo.co.jp%2Fsearch%3Ffirst%3D1%26tab_ex%3Dcommerce%26fr%3Dshp-prop%26mcr%3Dd2ec28baa8330e143e61f8efad452d70%26ts%3D1682307004%26sretry%3D1%26sc_i%3Dshp_pc_top_searchBox%26cid%3D1359%26area%3D13%26p%3D%E4%BA%80%E6%B3%89+-%E9%9B%A8%E5%BE%8C%E3%81%AE%E6%9C%88","高知 | 亀泉酒造","4.26点"
"29位","（あいづみやいずみ）","https://www.saketime.jp/brands/315/","会津宮泉","https://www.saketime.jp/img/brand/review/315/thum_f2d671157f0b5ccace8f4c6fc14ebafc.jpg","https://www.amazon.co.jp/s?i=food-beverage&rh=n%3A71610051&_encoding=UTF8&tag=saketime-22&linkCode=ur2&dc&k=%E4%BC%9A%E6%B4%A5%E5%AE%AE%E6%B3%89+%E6%97%A5%E6%9C%AC%E9%85%92","https://hb.afl.rakuten.co.jp/hgc/33b13d19.35160926.33b13d1b.795c9924/?link_type=hybrid_url&ut=eyJwYWdlIjoidXJsIiwidHlwZSI6Imh5YnJpZF91cmwiLCJjb2wiOjF9&pc=https%3A%2F%2Fsearch.rakuten.co.jp%2Fsearch%2Fmall%2F%E4%BC%9A%E6%B4%A5%E5%AE%AE%E6%B3%89%2F100337%2F","https://ck.jp.ap.valuecommerce.com/servlet/referral?sid=3286639&pid=885409294&vc_url=https%3A%2F%2Fshopping.yahoo.co.jp%2Fsearch%3Ffirst%3D1%26tab_ex%3Dcommerce%26fr%3Dshp-prop%26mcr%3Dd2ec28baa8330e143e61f8efad452d70%26ts%3D1682307004%26sretry%3D1%26sc_i%3Dshp_pc_top_searchBox%26cid%3D1359%26area%3D13%26p%3D%E4%BC%9A%E6%B4%A5%E5%AE%AE%E6%B3%89","福島 | 宮泉銘醸","4.25点"
"29位","（かめのうみ）","https://www.saketime.jp/brands/850/","亀の海","https://www.saketime.jp/img/brand/review/850/thum_788479f1fc282953868fd1a50b2a161e.jpg","https://www.amazon.co.jp/s?i=food-beverage&rh=n%3A71610051&_encoding=UTF8&tag=saketime-22&linkCode=ur2&dc&k=%E4%BA%80%E3%81%AE%E6%B5%B7+%E6%97%A5%E6%9C%AC%E9%85%92","https://hb.afl.rakuten.co.jp/hgc/33b13d19.35160926.33b13d1b.795c9924/?link_type=hybrid_url&ut=eyJwYWdlIjoidXJsIiwidHlwZSI6Imh5YnJpZF91cmwiLCJjb2wiOjF9&pc=https%3A%2F%2Fsearch.rakuten.co.jp%2Fsearch%2Fmall%2F%E4%BA%80%E3%81%AE%E6%B5%B7%2F100337%2F","https://ck.jp.ap.valuecommerce.com/servlet/referral?sid=3286639&pid=885409294&vc_url=https%3A%2F%2Fshopping.yahoo.co.jp%2Fsearch%3Ffirst%3D1%26tab_ex%3Dcommerce%26fr%3Dshp-prop%26mcr%3Dd2ec28baa8330e143e61f8efad452d70%26ts%3D1682307004%26sretry%3D1%26sc_i%3Dshp_pc_top_searchBox%26cid%3D1359%26area%3D13%26p%3D%E4%BA%80%E3%81%AE%E6%B5%B7","長野 | 土屋酒造店","4.25点"
"29位","（やまさん）","https://www.saketime.jp/brands/7386/","山三","https://www.saketime.jp/img/brand/review/7386/thum_0834a051bf7deb5f1d05ca816a3c31b1.jpg","https://www.amazon.co.jp/s?i=food-beverage&rh=n%3A71610051&_encoding=UTF8&tag=saketime-22&linkCode=ur2&dc&k=%E5%B1%B1%E4%B8%89+%E6%97%A5%E6%9C%AC%E9%85%92","https://hb.afl.rakuten.co.jp/hgc/33b13d19.35160926.33b13d1b.795c9924/?link_type=hybrid_url&ut=eyJwYWdlIjoidXJsIiwidHlwZSI6Imh5YnJpZF91cmwiLCJjb2wiOjF9&pc=https%3A%2F%2Fsearch.rakuten.co.jp%2Fsearch%2Fmall%2F%E5%B1%B1%E4%B8%89%2F100337%2F%3Fnitem%3D%E6%9D%BE%E5%B1%B1%E4%B8%89%E4%BA%95+%E5%A6%99%E9%AB%98%E5%B1%B1+%E5%8B%9D%E5%B1%B1+%E7%80%A7%E8%87%AA%E6%85%A2","https://ck.jp.ap.valuecommerce.com/servlet/referral?sid=3286639&pid=885409294&vc_url=https%3A%2F%2Fshopping.yahoo.co.jp%2Fsearch%3Ffirst%3D1%26tab_ex%3Dcommerce%26fr%3Dshp-prop%26mcr%3Dd2ec28baa8330e143e61f8efad452d70%26ts%3D1682307004%26sretry%3D1%26sc_i%3Dshp_pc_top_searchBox%26cid%3D1359%26area%3D13%26p%3D%E5%B1%B1%E4%B8%89+-%E6%9D%BE%E5%B1%B1%E4%B8%89%E4%BA%95+-%E5%A6%99%E9%AB%98%E5%B1%B1+-%E5%8B%9D%E5%B1%B1+-%E7%80%A7%E8%87%AA%E6%85%A2","長野 | 山三酒造","4.25点"
"32位","（でんしゅ）","https://www.saketime.jp/brands/26/","田酒","https://www.saketime.jp/img/brand/review/26/thum_f822f89510ab4bb368919018d679b8dc.jpg","https://www.amazon.co.jp/s?i=food-beverage&rh=n%3A71610051&_encoding=UTF8&tag=saketime-22&linkCode=ur2&dc&k=%E7%94%B0%E9%85%92+%E6%97%A5%E6%9C%AC%E9%85%92","https://hb.afl.rakuten.co.jp/hgc/33b13d19.35160926.33b13d1b.795c9924/?link_type=hybrid_url&ut=eyJwYWdlIjoidXJsIiwidHlwZSI6Imh5YnJpZF91cmwiLCJjb2wiOjF9&pc=https%3A%2F%2Fsearch.rakuten.co.jp%2Fsearch%2Fmall%2F%E7%94%B0%E9%85%92%2F100337%2F%3Fnitem%3D%E9%85%92%E9%80%A0+%E5%90%89%E7%94%B0+%E5%96%9C%E4%B9%85%E6%B3%89+%E5%96%84%E7%9F%A5%E9%B3%A5+%E7%A7%8B%E7%94%B0+%E3%81%86%E3%81%A8%E3%81%86+%E5%A4%96%E3%83%B6%E6%BF%B1+%E6%B1%A0%E7%94%B0%E9%85%92+%E9%85%92%E4%B9%8B%E9%83%B7+%E4%B9%85%E4%BF%9D%E7%94%B0+%E9%B3%B3%E5%87%B0%E7%BE%8E%E7%94%B0","https://ck.jp.ap.valuecommerce.com/servlet/referral?sid=3286639&pid=885409294&vc_url=https%3A%2F%2Fshopping.yahoo.co.jp%2Fsearch%3Ffirst%3D1%26tab_ex%3Dcommerce%26fr%3Dshp-prop%26mcr%3Dd2ec28baa8330e143e61f8efad452d70%26ts%3D1682307004%26sretry%3D1%26sc_i%3Dshp_pc_top_searchBox%26cid%3D1359%26area%3D13%26p%3D%E7%94%B0%E9%85%92+-%E9%85%92%E9%80%A0+-%E5%90%89%E7%94%B0+-%E5%96%9C%E4%B9%85%E6%B3%89+-%E5%96%84%E7%9F%A5%E9%B3%A5+-%E7%A7%8B%E7%94%B0+-%E3%81%86%E3%81%A8%E3%81%86+-%E5%A4%96%E3%83%B6%E6%BF%B1+-%E6%B1%A0%E7%94%B0%E9%85%92+-%E9%85%92%E4%B9%8B%E9%83%B7+-%E4%B9%85%E4%BF%9D%E7%94%B0+-%E9%B3%B3%E5%87%B0%E7%BE%8E%E7%94%B0","青森 | 西田酒造店","4.24点"
"32位","（あかぶ）","https://www.saketime.jp/brands/4890/","赤武","https://www.saketime.jp/img/brand/review/4890/thum_ed4c1646573095d67dc7802f13faa78f.jpg","https://www.amazon.co.jp/s?i=food-beverage&rh=n%3A71610051&_encoding=UTF8&tag=saketime-22&linkCode=ur2&dc&k=%E8%B5%A4%E6%AD%A6+%E6%97%A5%E6%9C%AC%E9%85%92","https://hb.afl.rakuten.co.jp/hgc/33b13d19.35160926.33b13d1b.795c9924/?link_type=hybrid_url&ut=eyJwYWdlIjoidXJsIiwidHlwZSI6Imh5YnJpZF91cmwiLCJjb2wiOjF9&pc=https%3A%2F%2Fsearch.rakuten.co.jp%2Fsearch%2Fmall%2F%E8%B5%A4%E6%AD%A6%2F100337%2F%3Fnitem%3D%E7%BE%BD%E6%A0%B9%E5%B1%8B+%E7%8D%BA%E7%A5%AD+%E6%B5%9C%E5%A8%98+%E6%B5%B7%E9%BE%8D","https://ck.jp.ap.valuecommerce.com/servlet/referral?sid=3286639&pid=885409294&vc_url=https%3A%2F%2Fshopping.yahoo.co.jp%2Fsearch%3Ffirst%3D1%26tab_ex%3Dcommerce%26fr%3Dshp-prop%26mcr%3Dd2ec28baa8330e143e61f8efad452d70%26ts%3D1682307004%26sretry%3D1%26sc_i%3Dshp_pc_top_searchBox%26cid%3D1359%26area%3D13%26p%3D%E8%B5%A4%E6%AD%A6+-%E7%BE%BD%E6%A0%B9%E5%B1%8B+-%E7%8D%BA%E7%A5%AD+-%E6%B5%9C%E5%A8%98+-%E6%B5%B7%E9%BE%8D","岩手 | 赤武酒造","4.24点"
"32位","（ひろき）","https://www.saketime.jp/brands/323/","飛露喜","https://www.saketime.jp/img/brand/review/323/thum_50bea42a8d308a1868d2dee5aba135ce.jpg","https://www.amazon.co.jp/s?i=food-beverage&rh=n%3A71610051&_encoding=UTF8&tag=saketime-22&linkCode=ur2&dc&k=%E9%A3%9B%E9%9C%B2%E5%96%9C+%E6%97%A5%E6%9C%AC%E9%85%92","https://hb.afl.rakuten.co.jp/hgc/33b13d19.35160926.33b13d1b.795c9924/?link_type=hybrid_url&ut=eyJwYWdlIjoidXJsIiwidHlwZSI6Imh5YnJpZF91cmwiLCJjb2wiOjF9&pc=https%3A%2F%2Fsearch.rakuten.co.jp%2Fsearch%2Fmall%2F%E9%A3%9B%E9%9C%B2%E5%96%9C%2F100337%2F%3Fnitem%3D%E5%BB%83%E7%9B%A4%E5%8F%A4%E9%85%92+%E7%95%AA%E4%BA%BA+%E3%81%BB%E3%82%8A%E3%81%88+%E7%8D%BA%E7%A5%AD+%E4%B9%85%E4%BF%9D%E7%94%B0+%E6%B3%89%E5%B7%9D","https://ck.jp.ap.valuecommerce.com/servlet/referral?sid=3286639&pid=885409294&vc_url=https%3A%2F%2Fshopping.yahoo.co.jp%2Fsearch%3Ffirst%3D1%26tab_ex%3Dcommerce%26fr%3Dshp-prop%26mcr%3Dd2ec28baa8330e143e61f8efad452d70%26ts%3D1682307004%26sretry%3D1%26sc_i%3Dshp_pc_top_searchBox%26cid%3D1359%26area%3D13%26p%3D%E9%A3%9B%E9%9C%B2%E5%96%9C+-%E5%BB%83%E7%9B%A4%E5%8F%A4%E9%85%92+-%E7%95%AA%E4%BA%BA+-%E3%81%BB%E3%82%8A%E3%81%88+-%E7%8D%BA%E7%A5%AD+-%E4%B9%85%E4%BF%9D%E7%94%B0+-%E6%B3%89%E5%B7%9D","福島 | 廣木酒造本店","4.24点"
"32位","（てんび）","https://www.saketime.jp/brands/5873/","天美","https://www.saketime.jp/img/brand/review/5873/thum_4b5459d280efdaca7f1113b5008fd276.jpg","https://www.amazon.co.jp/s?i=food-beverage&rh=n%3A71610051&_encoding=UTF8&tag=saketime-22&linkCode=ur2&dc&k=%E5%A4%A9%E7%BE%8E+%E6%97%A5%E6%9C%AC%E9%85%92","https://hb.afl.rakuten.co.jp/hgc/33b13d19.35160926.33b13d1b.795c9924/?link_type=hybrid_url&ut=eyJwYWdlIjoidXJsIiwidHlwZSI6Imh5YnJpZF91cmwiLCJjb2wiOjF9&pc=https%3A%2F%2Fsearch.rakuten.co.jp%2Fsearch%2Fmall%2F%E5%A4%A9%E7%BE%8E%2F100337%2F%3Fnitem%3D%E7%BE%8E%E7%A6%84","https://ck.jp.ap.valuecommerce.com/servlet/referral?sid=3286639&pid=885409294&vc_url=https%3A%2F%2Fshopping.yahoo.co.jp%2Fsearch%3Ffirst%3D1%26tab_ex%3Dcommerce%26fr%3Dshp-prop%26mcr%3Dd2ec28baa8330e143e61f8efad452d70%26ts%3D1682307004%26sretry%3D1%26sc_i%3Dshp_pc_top_searchBox%26cid%3D1359%26area%3D13%26p%3D%E5%A4%A9%E7%BE%8E+-%E7%BE%8E%E7%A6%84","山口 | 長州酒造","4.24点"
"32位","（しちすい）","https://www.saketime.jp/brands/421/","七水","https://www.saketime.jp/img/brand/review/421/thum_b1804111c7488a0007b3c5e64f3895ab.jpg","https://www.amazon.co.jp/s?i=food-beverage&rh=n%3A71610051&_encoding=UTF8&tag=saketime-22&linkCode=ur2&dc&k=%E4%B8%83%E6%B0%B4+%E6%97%A5%E6%9C%AC%E9%85%92","https://hb.afl.rakuten.co.jp/hgc/33b13d19.35160926.33b13d1b.795c9924/?link_type=hybrid_url&ut=eyJwYWdlIjoidXJsIiwidHlwZSI6Imh5YnJpZF91cmwiLCJjb2wiOjF9&pc=https%3A%2F%2Fsearch.rakuten.co.jp%2Fsearch%2Fmall%2F%E4%B8%83%E6%B0%B4%2F100337%2F%3Fnitem%3DKIKU+%E3%82%A8%E3%83%83%E3%82%BB%E3%83%B3%E3%82%B9","https://ck.jp.ap.valuecommerce.com/servlet/referral?sid=3286639&pid=885409294&vc_url=https%3A%2F%2Fshopping.yahoo.co.jp%2Fsearch%3Ffirst%3D1%26tab_ex%3Dcommerce%26fr%3Dshp-prop%26mcr%3Dd2ec28baa8330e143e61f8efad452d70%26ts%3D1682307004%26sretry%3D1%26sc_i%3Dshp_pc_top_searchBox%26cid%3D1359%26area%3D13%26p%3D%E4%B8%83%E6%B0%B4+-KIKU+-%E3%82%A8%E3%83%83%E3%82%BB%E3%83%B3%E3%82%B9","栃木 | 虎屋本店","4.24点"
"32位","（あさひたか）","https://www.saketime.jp/brands/267/","朝日鷹","https://www.saketime.jp/img/brand/review/267/thum_fea8f93b59d12746b2e968998ae0be26.jpg","https://www.amazon.co.jp/s?i=food-beverage&rh=n%3A71610051&_encoding=UTF8&tag=saketime-22&linkCode=ur2&dc&k=%E6%9C%9D%E6%97%A5%E9%B7%B9+%E6%97%A5%E6%9C%AC%E9%85%92","https://hb.afl.rakuten.co.jp/hgc/33b13d19.35160926.33b13d1b.795c9924/?link_type=hybrid_url&ut=eyJwYWdlIjoidXJsIiwidHlwZSI6Imh5YnJpZF91cmwiLCJjb2wiOjF9&pc=https%3A%2F%2Fsearch.rakuten.co.jp%2Fsearch%2Fmall%2F%E6%9C%9D%E6%97%A5%E9%B7%B9%2F100337%2F%3Fnitem%3D%E4%B9%85%E4%BF%9D%E7%94%B0+%E5%85%AB%E6%B5%B7%E5%B1%B1","https://ck.jp.ap.valuecommerce.com/servlet/referral?sid=3286639&pid=885409294&vc_url=https%3A%2F%2Fshopping.yahoo.co.jp%2Fsearch%3Ffirst%3D1%26tab_ex%3Dcommerce%26fr%3Dshp-prop%26mcr%3Dd2ec28baa8330e143e61f8efad452d70%26ts%3D1682307004%26sretry%3D1%26sc_i%3Dshp_pc_top_searchBox%26cid%3D1359%26area%3D13%26p%3D%E6%9C%9D%E6%97%A5%E9%B7%B9+-%E4%B9%85%E4%BF%9D%E7%94%B0+-%E5%85%AB%E6%B5%B7%E5%B1%B1","山形 | 高木酒造","4.24点"
"38位","（なべしま）","https://www.saketime.jp/brands/2025/","鍋島","https://www.saketime.jp/img/brand/review/2025/thum_23ba5ba97a5e76384fc4472fafcf3f5c.jpg","https://www.amazon.co.jp/s?i=food-beverage&rh=n%3A71610051&_encoding=UTF8&tag=saketime-22&linkCode=ur2&dc&k=%E9%8D%8B%E5%B3%B6+%E6%97%A5%E6%9C%AC%E9%85%92","https://hb.afl.rakuten.co.jp/hgc/33b13d19.35160926.33b13d1b.795c9924/?link_type=hybrid_url&ut=eyJwYWdlIjoidXJsIiwidHlwZSI6Imh5YnJpZF91cmwiLCJjb2wiOjF9&pc=https%3A%2F%2Fsearch.rakuten.co.jp%2Fsearch%2Fmall%2F%E9%8D%8B%E5%B3%B6%2F100337%2F%3Fnitem%3D%E9%9B%91%E8%B2%A8%E5%BA%97+%E5%8D%97%E9%83%A8%E7%BE%8E%E4%BA%BA","https://ck.jp.ap.valuecommerce.com/servlet/referral?sid=3286639&pid=885409294&vc_url=https%3A%2F%2Fshopping.yahoo.co.jp%2Fsearch%3Ffirst%3D1%26tab_ex%3Dcommerce%26fr%3Dshp-prop%26mcr%3Dd2ec28baa8330e143e61f8efad452d70%26ts%3D1682307004%26sretry%3D1%26sc_i%3Dshp_pc_top_searchBox%26cid%3D1359%26area%3D13%26p%3D%E9%8D%8B%E5%B3%B6+-%E9%9B%91%E8%B2%A8%E5%BA%97+-%E5%8D%97%E9%83%A8%E7%BE%8E%E4%BA%BA","佐賀 | 富久千代酒造","4.23点"
"38位","（くどきじょうず）","https://www.saketime.jp/brands/266/","くどき上手","https://www.saketime.jp/img/brand/review/266/thum_c8d71d916b35662b1e3358ba1498e506.jpg","https://www.amazon.co.jp/s?i=food-beverage&rh=n%3A71610051&_encoding=UTF8&tag=saketime-22&linkCode=ur2&dc&k=%E3%81%8F%E3%81%A9%E3%81%8D%E4%B8%8A%E6%89%8B+%E6%97%A5%E6%9C%AC%E9%85%92","https://hb.afl.rakuten.co.jp/hgc/33b13d19.35160926.33b13d1b.795c9924/?link_type=hybrid_url&ut=eyJwYWdlIjoidXJsIiwidHlwZSI6Imh5YnJpZF91cmwiLCJjb2wiOjF9&pc=https%3A%2F%2Fsearch.rakuten.co.jp%2Fsearch%2Fmall%2F%E3%81%8F%E3%81%A9%E3%81%8D%E4%B8%8A%E6%89%8B%2F100337%2F%3Fnitem%3D%E3%81%B0%E3%81%8F%E3%82%8C%E3%82%93+%E9%87%91%E4%BA%80","https://ck.jp.ap.valuecommerce.com/servlet/referral?sid=3286639&pid=885409294&vc_url=https%3A%2F%2Fshopping.yahoo.co.jp%2Fsearch%3Ffirst%3D1%26tab_ex%3Dcommerce%26fr%3Dshp-prop%26mcr%3Dd2ec28baa8330e143e61f8efad452d70%26ts%3D1682307004%26sretry%3D1%26sc_i%3Dshp_pc_top_searchBox%26cid%3D1359%26area%3D13%26p%3D%E3%81%8F%E3%81%A9%E3%81%8D%E4%B8%8A%E6%89%8B+-%E3%81%B0%E3%81%8F%E3%82%8C%E3%82%93+-%E9%87%91%E4%BA%80","山形 | 亀の井酒造","4.23点"
"38位","（だいしんしゅう）","https://www.saketime.jp/brands/839/","大信州","https://www.saketime.jp/img/brand/review/839/thum_7ae1a94b5aa6d19f5af2220964214db2.jpg","https://www.amazon.co.jp/s?i=food-beverage&rh=n%3A71610051&_encoding=UTF8&tag=saketime-22&linkCode=ur2&dc&k=%E5%A4%A7%E4%BF%A1%E5%B7%9E+%E6%97%A5%E6%9C%AC%E9%85%92","https://hb.afl.rakuten.co.jp/hgc/33b13d19.35160926.33b13d1b.795c9924/?link_type=hybrid_url&ut=eyJwYWdlIjoidXJsIiwidHlwZSI6Imh5YnJpZF91cmwiLCJjb2wiOjF9&pc=https%3A%2F%2Fsearch.rakuten.co.jp%2Fsearch%2Fmall%2F%E5%A4%A7%E4%BF%A1%E5%B7%9E%2F100337%2F%3Fnitem%3D%E9%A6%99%E6%9C%88+%E7%BE%8E%E5%A5%BD","https://ck.jp.ap.valuecommerce.com/servlet/referral?sid=3286639&pid=885409294&vc_url=https%3A%2F%2Fshopping.yahoo.co.jp%2Fsearch%3Ffirst%3D1%26tab_ex%3Dcommerce%26fr%3Dshp-prop%26mcr%3Dd2ec28baa8330e143e61f8efad452d70%26ts%3D1682307004%26sretry%3D1%26sc_i%3Dshp_pc_top_searchBox%26cid%3D1359%26area%3D13%26p%3D%E5%A4%A7%E4%BF%A1%E5%B7%9E+-%E9%A6%99%E6%9C%88+-%E7%BE%8E%E5%A5%BD","長野 | 大信州酒造","4.23点"
"38位","（おおみね）","https://www.saketime.jp/brands/1848/","Ohmine (大嶺)","https://www.saketime.jp/img/brand/review/1848/thum_c0a288b8e38be588b3f59287d62043e9.jpg","https://www.amazon.co.jp/s?i=food-beverage&rh=n%3A71610051&_encoding=UTF8&tag=saketime-22&linkCode=ur2&dc&k=Ohmine+%28%E5%A4%A7%E5%B6%BA%29+%E6%97%A5%E6%9C%AC%E9%85%92","https://hb.afl.rakuten.co.jp/hgc/33b13d19.35160926.33b13d1b.795c9924/?link_type=hybrid_url&ut=eyJwYWdlIjoidXJsIiwidHlwZSI6Imh5YnJpZF91cmwiLCJjb2wiOjF9&pc=https%3A%2F%2Fsearch.rakuten.co.jp%2Fsearch%2Fmall%2FOhmine+%28%E5%A4%A7%E5%B6%BA%29%2F100337%2F","https://ck.jp.ap.valuecommerce.com/servlet/referral?sid=3286639&pid=885409294&vc_url=https%3A%2F%2Fshopping.yahoo.co.jp%2Fsearch%3Ffirst%3D1%26tab_ex%3Dcommerce%26fr%3Dshp-prop%26mcr%3Dd2ec28baa8330e143e61f8efad452d70%26ts%3D1682307004%26sretry%3D1%26sc_i%3Dshp_pc_top_searchBox%26cid%3D1359%26area%3D13%26p%3DOhmine+%28%E5%A4%A7%E5%B6%BA%29","山口 | 大嶺酒造","4.23点"
"38位","（かちこま）","https://www.saketime.jp/brands/967/","勝駒","https://www.saketime.jp/img/brand/review/967/thum_455b51e3334c09d06089c68eec8d3949.jpg","https://www.amazon.co.jp/s?i=food-beverage&rh=n%3A71610051&_encoding=UTF8&tag=saketime-22&linkCode=ur2&dc&k=%E5%8B%9D%E9%A7%92+%E6%97%A5%E6%9C%AC%E9%85%92","https://hb.afl.rakuten.co.jp/hgc/33b13d19.35160926.33b13d1b.795c9924/?link_type=hybrid_url&ut=eyJwYWdlIjoidXJsIiwidHlwZSI6Imh5YnJpZF91cmwiLCJjb2wiOjF9&pc=https%3A%2F%2Fsearch.rakuten.co.jp%2Fsearch%2Fmall%2F%E5%8B%9D%E9%A7%92%2F100337%2F%3Fnitem%3D%E5%8D%81%E5%9B%9B%E4%BB%A3+%E3%83%96%E3%83%AC%E3%83%B3%E3%83%89","https://ck.jp.ap.valuecommerce.com/servlet/referral?sid=3286639&pid=885409294&vc_url=https%3A%2F%2Fshopping.yahoo.co.jp%2Fsearch%3Ffirst%3D1%26tab_ex%3Dcommerce%26fr%3Dshp-prop%26mcr%3Dd2ec28baa8330e143e61f8efad452d70%26ts%3D1682307004%26sretry%3D1%26sc_i%3Dshp_pc_top_searchBox%26cid%3D1359%26area%3D13%26p%3D%E5%8B%9D%E9%A7%92+-%E5%8D%81%E5%9B%9B%E4%BB%A3+-%E3%83%96%E3%83%AC%E3%83%B3%E3%83%89","富山 | 清都酒造場","4.23点"
"43位","（こうえいぎく）","https://www.saketime.jp/brands/3256/","光栄菊","https://www.saketime.jp/img/brand/review/3256/thum_7baa08c73815ed498ad8f6d1febb669c.jpg","https://www.amazon.co.jp/s?i=food-beverage&rh=n%3A71610051&_encoding=UTF8&tag=saketime-22&linkCode=ur2&dc&k=%E5%85%89%E6%A0%84%E8%8F%8A+%E6%97%A5%E6%9C%AC%E9%85%92","https://hb.afl.rakuten.co.jp/hgc/33b13d19.35160926.33b13d1b.795c9924/?link_type=hybrid_url&ut=eyJwYWdlIjoidXJsIiwidHlwZSI6Imh5YnJpZF91cmwiLCJjb2wiOjF9&pc=https%3A%2F%2Fsearch.rakuten.co.jp%2Fsearch%2Fmall%2F%E5%85%89%E6%A0%84%E8%8F%8A%2F100337%2F","https://ck.jp.ap.valuecommerce.com/servlet/referral?sid=3286639&pid=885409294&vc_url=https%3A%2F%2Fshopping.yahoo.co.jp%2Fsearch%3Ffirst%3D1%26tab_ex%3Dcommerce%26fr%3Dshp-prop%26mcr%3Dd2ec28baa8330e143e61f8efad452d70%26ts%3D1682307004%26sretry%3D1%26sc_i%3Dshp_pc_top_searchBox%26cid%3D1359%26area%3D13%26p%3D%E5%85%89%E6%A0%84%E8%8F%8A","佐賀 | 光栄菊酒造","4.22点"
"44位","（ふろうせん）","https://www.saketime.jp/brands/1365/","不老泉","https://www.saketime.jp/img/brand/review/1365/thum_e352a78c6c997dba04fc73d366fc88f7.jpg","https://www.amazon.co.jp/s?i=food-beverage&rh=n%3A71610051&_encoding=UTF8&tag=saketime-22&linkCode=ur2&dc&k=%E4%B8%8D%E8%80%81%E6%B3%89+%E6%97%A5%E6%9C%AC%E9%85%92","https://hb.afl.rakuten.co.jp/hgc/33b13d19.35160926.33b13d1b.795c9924/?link_type=hybrid_url&ut=eyJwYWdlIjoidXJsIiwidHlwZSI6Imh5YnJpZF91cmwiLCJjb2wiOjF9&pc=https%3A%2F%2Fsearch.rakuten.co.jp%2Fsearch%2Fmall%2F%E4%B8%8D%E8%80%81%E6%B3%89%2F100337%2F%3Fnitem%3D%E6%9D%A3%E3%81%AE%E5%A4%A9%E7%8B%97","https://ck.jp.ap.valuecommerce.com/servlet/referral?sid=3286639&pid=885409294&vc_url=https%3A%2F%2Fshopping.yahoo.co.jp%2Fsearch%3Ffirst%3D1%26tab_ex%3Dcommerce%26fr%3Dshp-prop%26mcr%3Dd2ec28baa8330e143e61f8efad452d70%26ts%3D1682307004%26sretry%3D1%26sc_i%3Dshp_pc_top_searchBox%26cid%3D1359%26area%3D13%26p%3D%E4%B8%8D%E8%80%81%E6%B3%89+-%E6%9D%A3%E3%81%AE%E5%A4%A9%E7%8B%97","滋賀 | 上原酒造","4.21点"
"44位","（よしだぐらゆー）","https://www.saketime.jp/brands/4352/","吉田蔵u","https://www.saketime.jp/img/brand/review/4352/thum_27e5db32192c04d11a191e227eafc825.jpg","https://www.amazon.co.jp/s?i=food-beverage&rh=n%3A71610051&_encoding=UTF8&tag=saketime-22&linkCode=ur2&dc&k=%E5%90%89%E7%94%B0%E8%94%B5u+%E6%97%A5%E6%9C%AC%E9%85%92","https://hb.afl.rakuten.co.jp/hgc/33b13d19.35160926.33b13d1b.795c9924/?link_type=hybrid_url&ut=eyJwYWdlIjoidXJsIiwidHlwZSI6Imh5YnJpZF91cmwiLCJjb2wiOjF9&pc=https%3A%2F%2Fsearch.rakuten.co.jp%2Fsearch%2Fmall%2F%E5%90%89%E7%94%B0%E8%94%B5u%2F100337%2F","https://ck.jp.ap.valuecommerce.com/servlet/referral?sid=3286639&pid=885409294&vc_url=https%3A%2F%2Fshopping.yahoo.co.jp%2Fsearch%3Ffirst%3D1%26tab_ex%3Dcommerce%26fr%3Dshp-prop%26mcr%3Dd2ec28baa8330e143e61f8efad452d70%26ts%3D1682307004%26sretry%3D1%26sc_i%3Dshp_pc_top_searchBox%26cid%3D1359%26area%3D13%26p%3D%E5%90%89%E7%94%B0%E8%94%B5u","石川 | 吉田酒造店","4.21点"
"46位","（えいこうふじ）","https://www.saketime.jp/brands/228/","栄光冨士","https://www.saketime.jp/img/brand/review/228/thum_c8c573ff429870d7c2b36c889d29cf98.jpg","https://www.amazon.co.jp/s?i=food-beverage&rh=n%3A71610051&_encoding=UTF8&tag=saketime-22&linkCode=ur2&dc&k=%E6%A0%84%E5%85%89%E5%86%A8%E5%A3%AB+%E6%97%A5%E6%9C%AC%E9%85%92","https://hb.afl.rakuten.co.jp/hgc/33b13d19.35160926.33b13d1b.795c9924/?link_type=hybrid_url&ut=eyJwYWdlIjoidXJsIiwidHlwZSI6Imh5YnJpZF91cmwiLCJjb2wiOjF9&pc=https%3A%2F%2Fsearch.rakuten.co.jp%2Fsearch%2Fmall%2F%E6%A0%84%E5%85%89%E5%86%A8%E5%A3%AB%2F100337%2F%3Fnitem%3D%E5%B1%B1%E5%B1%85%E5%80%89%E5%BA%AB+%E5%BA%84%E5%86%85%E8%AA%89","https://ck.jp.ap.valuecommerce.com/servlet/referral?sid=3286639&pid=885409294&vc_url=https%3A%2F%2Fshopping.yahoo.co.jp%2Fsearch%3Ffirst%3D1%26tab_ex%3Dcommerce%26fr%3Dshp-prop%26mcr%3Dd2ec28baa8330e143e61f8efad452d70%26ts%3D1682307004%26sretry%3D1%26sc_i%3Dshp_pc_top_searchBox%26cid%3D1359%26area%3D13%26p%3D%E6%A0%84%E5%85%89%E5%86%A8%E5%A3%AB+-%E5%B1%B1%E5%B1%85%E5%80%89%E5%BA%AB+-%E5%BA%84%E5%86%85%E8%AA%89","山形 | 冨士酒造","4.20点"
"46位","（はねや）","https://www.saketime.jp/brands/978/","羽根屋","https://www.saketime.jp/img/brand/review/978/thum_e850d0646f665a69e2b16b70a7ab73d6.jpg","https://www.amazon.co.jp/s?i=food-beverage&rh=n%3A71610051&_encoding=UTF8&tag=saketime-22&linkCode=ur2&dc&k=%E7%BE%BD%E6%A0%B9%E5%B1%8B+%E6%97%A5%E6%9C%AC%E9%85%92","https://hb.afl.rakuten.co.jp/hgc/33b13d19.35160926.33b13d1b.795c9924/?link_type=hybrid_url&ut=eyJwYWdlIjoidXJsIiwidHlwZSI6Imh5YnJpZF91cmwiLCJjb2wiOjF9&pc=https%3A%2F%2Fsearch.rakuten.co.jp%2Fsearch%2Fmall%2F%E7%BE%BD%E6%A0%B9%E5%B1%8B%2F100337%2F%3Fnitem%3D%E3%81%BF%E3%82%80%E3%82%8D%E6%9D%89+%E8%B5%A4%E6%AD%A6+%E6%9D%A5%E7%A6%8F+%E5%B1%B1%E5%8F%A3%E7%9C%8C+%E9%86%B8%E9%80%A0%E5%85%83","https://ck.jp.ap.valuecommerce.com/servlet/referral?sid=3286639&pid=885409294&vc_url=https%3A%2F%2Fshopping.yahoo.co.jp%2Fsearch%3Ffirst%3D1%26tab_ex%3Dcommerce%26fr%3Dshp-prop%26mcr%3Dd2ec28baa8330e143e61f8efad452d70%26ts%3D1682307004%26sretry%3D1%26sc_i%3Dshp_pc_top_searchBox%26cid%3D1359%26area%3D13%26p%3D%E7%BE%BD%E6%A0%B9%E5%B1%8B+-%E3%81%BF%E3%82%80%E3%82%8D%E6%9D%89+-%E8%B5%A4%E6%AD%A6+-%E6%9D%A5%E7%A6%8F+-%E5%B1%B1%E5%8F%A3%E7%9C%8C+-%E9%86%B8%E9%80%A0%E5%85%83","富山 | 富美菊酒造","4.20点"
"46位","（きのえね）","https://www.saketime.jp/brands/566/","甲子","https://www.saketime.jp/img/brand/review/566/thum_d118ecf67c8137a214ddf94440cca7d3.jpg","https://www.amazon.co.jp/s?i=food-beverage&rh=n%3A71610051&_encoding=UTF8&tag=saketime-22&linkCode=ur2&dc&k=%E7%94%B2%E5%AD%90+%E6%97%A5%E6%9C%AC%E9%85%92","https://hb.afl.rakuten.co.jp/hgc/33b13d19.35160926.33b13d1b.795c9924/?link_type=hybrid_url&ut=eyJwYWdlIjoidXJsIiwidHlwZSI6Imh5YnJpZF91cmwiLCJjb2wiOjF9&pc=https%3A%2F%2Fsearch.rakuten.co.jp%2Fsearch%2Fmall%2F%E7%94%B2%E5%AD%90%2F100337%2F%3Fnitem%3D%E7%94%B2%E5%AD%90%E5%9C%92","https://ck.jp.ap.valuecommerce.com/servlet/referral?sid=3286639&pid=885409294&vc_url=https%3A%2F%2Fshopping.yahoo.co.jp%2Fsearch%3Ffirst%3D1%26tab_ex%3Dcommerce%26fr%3Dshp-prop%26mcr%3Dd2ec28baa8330e143e61f8efad452d70%26ts%3D1682307004%26sretry%3D1%26sc_i%3Dshp_pc_top_searchBox%26cid%3D1359%26area%3D13%26p%3D%E7%94%B2%E5%AD%90+-%E7%94%B2%E5%AD%90%E5%9C%92","千葉 | 飯沼本家","4.20点"
"46位","（さら）","https://www.saketime.jp/brands/5567/","彩來","https://www.saketime.jp/img/brand/review/5567/thum_85a05290e832c3c65e4d6ecdd1c2be7a.jpg","https://www.amazon.co.jp/s?i=food-beverage&rh=n%3A71610051&_encoding=UTF8&tag=saketime-22&linkCode=ur2&dc&k=%E5%BD%A9%E4%BE%86+%E6%97%A5%E6%9C%AC%E9%85%92","https://hb.afl.rakuten.co.jp/hgc/33b13d19.35160926.33b13d1b.795c9924/?link_type=hybrid_url&ut=eyJwYWdlIjoidXJsIiwidHlwZSI6Imh5YnJpZF91cmwiLCJjb2wiOjF9&pc=https%3A%2F%2Fsearch.rakuten.co.jp%2Fsearch%2Fmall%2F%E5%BD%A9%E4%BE%86%2F100337%2F","https://ck.jp.ap.valuecommerce.com/servlet/referral?sid=3286639&pid=885409294&vc_url=https%3A%2F%2Fshopping.yahoo.co.jp%2Fsearch%3Ffirst%3D1%26tab_ex%3Dcommerce%26fr%3Dshp-prop%26mcr%3Dd2ec28baa8330e143e61f8efad452d70%26ts%3D1682307004%26sretry%3D1%26sc_i%3Dshp_pc_top_searchBox%26cid%3D1359%26area%3D13%26p%3D%E5%BD%A9%E4%BE%86","埼玉 | 北西酒造株式会社","4.20点"
"46位","（ひらん）","https://www.saketime.jp/brands/3283/","飛鸞","https://www.saketime.jp/img/brand/review/3283/thum_17de57bfe27d1995733b991f0c5d6553.jpg","https://www.amazon.co.jp/s?i=food-beverage&rh=n%3A71610051&_encoding=UTF8&tag=saketime-22&linkCode=ur2&dc&k=%E9%A3%9B%E9%B8%9E+%E6%97%A5%E6%9C%AC%E9%85%92","https://hb.afl.rakuten.co.jp/hgc/33b13d19.35160926.33b13d1b.795c9924/?link_type=hybrid_url&ut=eyJwYWdlIjoidXJsIiwidHlwZSI6Imh5YnJpZF91cmwiLCJjb2wiOjF9&pc=https%3A%2F%2Fsearch.rakuten.co.jp%2Fsearch%2Fmall%2F%E9%A3%9B%E9%B8%9E%2F100337%2F%3Fnitem%3DBLACK","https://ck.jp.ap.valuecommerce.com/servlet/referral?sid=3286639&pid=885409294&vc_url=https%3A%2F%2Fshopping.yahoo.co.jp%2Fsearch%3Ffirst%3D1%26tab_ex%3Dcommerce%26fr%3Dshp-prop%26mcr%3Dd2ec28baa8330e143e61f8efad452d70%26ts%3D1682307004%26sretry%3D1%26sc_i%3Dshp_pc_top_searchBox%26cid%3D1359%26area%3D13%26p%3D%E9%A3%9B%E9%B8%9E+-BLACK","長崎 | 森酒造場","4.20点"